위도,경도,시설유형,읍면동,안심귀갓길명,관리기관,세부위치
37.502872,127.026097,CCTV,역삼동,강남안심01,강남도시관제센터,ONEPERMIL
37.502872,127.026097,보안등,역삼동,강남안심01,,ONEPERMIL
37.502869,127.026284,노면표기,역삼동,강남안심01,,ONEPERMIL
37.502932,127.026578,보안등,역삼동,강남안심01,,GS25강남태양점
37.502988,127.026762,보안등,역삼동,강남안심01,,GS25강남태양점
37.502988,127.026762,CCTV,역삼동,강남안심01,강남도시관제센터,GS25강남태양점
37.503051,127.026964,보안등,역삼동,강남안심01,,퐁트마리
37.503158,127.027312,보안등,역삼동,강남안심01,,에딧메이트
37.503158,127.027312,112위치신고,역삼동,강남안심01,역삼지구대,에딧메이트
37.503321,127.027838,보안등,역삼동,강남안심01,,구구당
37.503379,127.028072,보안등,역삼동,강남안심01,,GS25 강남아트점
37.503379,127.028072,112위치신고,역삼동,강남안심01,역삼지구대,GS25 강남아트점
37.503483,127.028223,노면표기,역삼동,강남안심01,,GS25 강남아트점
37.503467,127.028265,보안등,역삼동,강남안심01,,GS25 강남아트점
37.503783,127.028516,보안등,역삼동,강남안심01,,탈라코스메틱
37.503883,127.028616,보안등,역삼동,강남안심01,,탈라코스메틱
37.504153,127.028857,보안등,역삼동,강남안심01,,MARVRUS
37.50427,127.028946,보안등,역삼동,강남안심01,,힐리빙텔
37.504341,127.028891,보안등,역삼동,강남안심01,,힐리빙텔 맞은편
37.504489,127.029048,보안등,역삼동,강남안심01,,힐리빙텔 맞은편
37.504602,127.029245,보안등,역삼동,강남안심01,,오중석웨딩스튜디오
37.50491,127.029521,보안등,역삼동,강남안심01,,넥스몰
37.504942,127.029486,노면표기,역삼동,강남안심01,,넥스몰
37.505035,127.029514,CCTV,역삼동,강남안심01,강남도시관제센터,넥스몰
37.505035,127.029514,안심벨,역삼동,강남안심01,강남도시관제센터,넥스몰
37.505005,127.029585,112위치신고,역삼동,강남안심01,,넥스몰
37.505005,127.029585,보안등,역삼동,강남안심01,,넥스몰
37.506301,127.039825,보안등,역삼동,강남안심02,,palau coffee
37.506301,127.039825,112위치신고,역삼동,강남안심02,역삼지구대,palau coffee
37.506206,127.03957,보안등,역삼동,강남안심02,,AXISSOFT
37.506119,127.039284,보안등,역삼동,강남안심02,,두손베스티움맞은편
37.505962,127.03896,보안등,역삼동,강남안심02,,옥산빌리지
37.505962,127.03896,CCTV,역삼동,강남안심02,강남도시관제센터,옥산빌리지
37.505895,127.038745,보안등,역삼동,강남안심02,,쎄비앙빌
37.505862,127.038581,보안등,역삼동,강남안심02,,논현로102길44
37.505789,127.038376,보안등,역삼동,강남안심02,,참조은빌라
37.505789,127.038376,CCTV,역삼동,강남안심02,강남도시관제센터,참조은빌라
37.505789,127.038376,안심벨,역삼동,강남안심02,강남도시관제센터,참조은빌라
37.505821,127.038336,노면표기,역삼동,강남안심02,,참조은빌라
37.505741,127.038283,보안등,역삼동,강남안심02,,참조은빌라
37.505741,127.038283,112위치신고,역삼동,강남안심02,역삼지구대,참조은빌라
37.505741,127.038283,기타,역삼동,강남안심02,,참조은빌라
37.505668,127.037987,보안등,역삼동,강남안심02,,GS25역삼충현점
37.505643,127.037909,CCTV,역삼동,강남안심02,강남도시관제센터,GS25역삼충현점
37.505643,127.037909,보안등,역삼동,강남안심02,,GS25역삼충현점
37.505544,127.037565,보안등,역삼동,강남안심02,,MOZZHOME
37.505544,127.037565,기타,역삼동,강남안심02,,MOZZHOME
37.50549,127.037363,보안등,역삼동,강남안심02,,MOZZHOME
37.505407,127.037109,CCTV,역삼동,강남안심02,강남도시관제센터,하이츠빌
37.505407,127.037109,보안등,역삼동,강남안심02,,하이츠빌
37.505271,127.036622,보안등,역삼동,강남안심02,,CREAM
37.505109,127.036488,보안등,역삼동,강남안심02,,cafe de vintage
37.505109,127.036488,기타,역삼동,강남안심02,,cafe de vintage
37.505091,127.036395,보안등,역삼동,강남안심02,,NEAPOLIS
37.505091,127.036395,112위치신고,역삼동,강남안심02,역삼지구대,NEAPOLIS
37.505091,127.036395,CCTV,역삼동,강남안심02,강남도시관제센터,NEAPOLIS
37.505091,127.036395,안심벨,역삼동,강남안심02,강남도시관제센터,NEAPOLIS
37.50512,127.036434,노면표기,역삼동,강남안심02,,NEAPOLIS
37.505021,127.036217,보안등,역삼동,강남안심02,,NEAPOLIS
37.505054,127.036193,노면표기,역삼동,강남안심02,,NEAPOLIS
37.504986,127.035899,보안등,역삼동,강남안심02,,TINY BROWN
37.504941,127.035933,CCTV,역삼동,강남안심02,강남도시관제센터,TINY BROWN
37.504941,127.035933,안심벨,역삼동,강남안심02,강남도시관제센터,TINY BROWN
37.505291,127.03579,보안등,역삼동,강남안심02,,m-house
37.505607,127.035638,보안등,역삼동,강남안심02,,ATTICO
37.505751,127.035569,보안등,역삼동,강남안심02,,한빛공인중개사맞은편
37.505895,127.035503,보안등,역삼동,강남안심02,,한빛공인중개사맞은편
37.506163,127.035345,보안등,역삼동,강남안심02,,브레드오미엘
37.506263,127.035358,보안등,역삼동,강남안심02,,브레드오미엘
37.506244,127.03533,보안등,역삼동,강남안심02,,브레드오미엘
37.506244,127.03533,CCTV,역삼동,강남안심02,강남도시관제센터,브레드오미엘
37.506244,127.03533,안심벨,역삼동,강남안심02,강남도시관제센터,브레드오미엘
37.506321,127.03534,노면표기,역삼동,강남안심02,,MINIPET
37.49696,127.042117,보안등,역삼동,수서안심09,,드림동물병원
37.496806,127.042154,노면표기,역삼동,수서안심09,,드림동물병원
37.496738,127.04216,보안등,역삼동,수서안심09,,우미야
37.496738,127.042162,112위치신고,역삼동,수서안심09,도곡지구대,우미야
37.496488,127.042338,보안등,역삼동,수서안심09,,우미야
37.496488,127.042338,112위치신고,역삼동,수서안심09,도곡지구대,우미야
37.496488,127.042338,CCTV,역삼동,수서안심09,강남도시관제센터,우미야
37.496488,127.042338,안심벨,역삼동,수서안심09,강남도시관제센터,우미야
37.496152,127.042492,보안등,역삼동,수서안심09,,베스트그린빌
37.495932,127.042612,보안등,역삼동,수서안심09,,이레빌라
37.49587,127.042683,CCTV,역삼동,수서안심09,강남도시관제센터,이레빌라
37.49587,127.042683,보안등,역삼동,수서안심09,,이레빌라
37.49587,127.042683,안심벨,역삼동,수서안심09,강남도시관제센터,이레빌라
37.495801,127.042646,노면표기,역삼동,수서안심09,,이레빌라
37.495582,127.042778,보안등,역삼동,수서안심09,,이레빌라
37.49533,127.042904,보안등,역삼동,수서안심09,,GS25역삼희망점
37.495158,127.04297,보안등,역삼동,수서안심09,,GS25역삼희망점
37.49497,127.04305,보안등,역삼동,수서안심09,,헵시바패션
37.494829,127.043062,보안등,역삼동,수서안심09,,헵시바패션
37.494719,127.043134,노면표기,역삼동,수서안심09,,헵시바패션
37.494643,127.043128,보안등,역삼동,수서안심09,,헵시바패션
37.494643,127.043128,112위치신고,역삼동,수서안심09,도곡지구대,헵시바패션
37.494494,127.043217,보안등,역삼동,수서안심09,,헵시바패션
37.494494,127.043217,112위치신고,역삼동,수서안심09,,헵시바패션
37.494307,127.043314,보안등,역삼동,수서안심09,,GALLERY HOUSE
37.494089,127.043406,보안등,역삼동,수서안심09,,더큰공인중개사사무소
37.494046,127.043395,112위치신고,역삼동,수서안심09,도곡지구대,더큰공인중개사사무소
37.494046,127.043395,보안등,역삼동,수서안심09,,더큰공인중개사사무소
37.493979,127.043449,CCTV,역삼동,수서안심09,강남도시관제센터,더큰공인중개사사무소
37.493979,127.043449,안심벨,역삼동,수서안심09,강남도시관제센터,더큰공인중개사사무소
37.493728,127.043624,보안등,역삼동,수서안심09,,한살림
37.493728,127.043624,112위치신고,역삼동,수서안심09,도곡지구대,한살림
37.509195,127.044106,노면표기,역삼동,강남안심18,,싱싱약국
37.509096,127.043947,안심벨,역삼동,강남안심18,강남도시관제센터,전주비빔밥
37.509096,127.043947,CCTV,역삼동,강남안심18,강남도시관제센터,전주비빔밥
37.509096,127.043947,보안등,역삼동,강남안심18,,전주비빔밥
37.509096,127.043947,112위치신고,역삼동,강남안심18,역삼지구대,전주비빔밥
37.508977,127.043509,보안등,역삼동,강남안심18,,대명빌딩
37.50896,127.043177,보안등,역삼동,강남안심18,,M+m
37.50896,127.043177,112위치신고,역삼동,강남안심18,역삼지구대,M+m
37.509044,127.042747,안심벨,역삼동,강남안심18,강남도시관제센터,CU역삼목화점
37.509044,127.042747,CCTV,역삼동,강남안심18,강남도시관제센터,CU역삼목화점
37.509044,127.042747,보안등,역삼동,강남안심18,,CU역삼목화점
37.508971,127.042538,보안등,역삼동,강남안심18,,palazzo맞은편
37.508941,127.042165,보안등,역삼동,강남안심18,,성영아파트
37.508841,127.042045,보안등,역삼동,강남안심18,,꽃의 공간
37.508841,127.042045,CCTV,역삼동,강남안심18,강남도시관제센터,꽃의 공간
37.508875,127.041934,보안등,역삼동,강남안심18,,꽃의 공간
37.508795,127.041756,노면표기,역삼동,강남안심18,,MANOdi
37.508771,127.041596,보안등,역삼동,강남안심18,,집토스직영부동산
37.508707,127.041627,보안등,역삼동,강남안심18,,집토스직영부동산
37.508681,127.041314,보안등,역삼동,강남안심18,,#셀프빨래방
37.508605,127.041318,보안등,역삼동,강남안심18,,#셀프빨래방
37.508562,127.041112,CCTV,역삼동,강남안심18,강남도시관제센터,역삼지구대
37.508562,127.041112,안심벨,역삼동,강남안심18,강남도시관제센터,역삼지구대
37.508475,127.040809,보안등,역삼동,강남안심18,,한씨커피
37.508519,127.04072,보안등,역삼동,강남안심18,,한씨커피
37.508399,127.040315,보안등,역삼동,강남안심18,,호원약국
37.508399,127.040315,CCTV,역삼동,강남안심18,강남도시관제센터,호원약국
37.508229,127.040189,보안등,역삼동,강남안심18,,라움
37.508067,127.040149,노면표기,역삼동,강남안심18,,크리스갈비
37.508064,127.04007,보안등,역삼동,강남안심18,,크리스갈비
37.508064,127.04007,112위치신고,역삼동,강남안심18,역삼지구대,크리스갈비
37.479056,127.046911,보안등,개포동,수서안심05,,포이근린공원 옆
37.479056,127.046911,112위치신고,개포동,수서안심05,개포파출소,포이근린공원 옆
37.479344,127.046968,보안등,개포동,수서안심05,,미성빌라 옆
37.479344,127.046968,112위치신고,개포동,수서안심05,개포파출소,미성빌라 옆
37.479416,127.047067,CCTV,개포동,수서안심05,강남도시관제센터,청년피자 개포점 옆
37.479416,127.047067,보안등,개포동,수서안심05,,청년피자 개포점 옆
37.479595,127.047013,보안등,개포동,수서안심05,,(주)에어앤씨 옆
37.479595,127.047013,112위치신고,개포동,수서안심05,개포파출소,(주)에어앤씨 옆
37.479802,127.046932,CCTV,개포동,수서안심05,강남도시관제센터,현대아트빌라 옆
37.479802,127.046932,안심벨,개포동,수서안심05,강남도시관제센터,현대아트빌라 옆
37.479802,127.046932,보안등,개포동,수서안심05,,현대아트빌라 옆
37.479852,127.047162,보안등,개포동,수서안심05,,우리빌라A동 옆
37.479952,127.047086,112위치신고,개포동,수서안심05,개포파출소,파라곤빌 옆
37.480084,127.047184,보안등,개포동,수서안심05,,플러스빌 옆
37.480246,127.047208,보안등,개포동,수서안심05,,파라곤빌 앞
37.480416,127.04718,보안등,개포동,수서안심05,,네비스빌 옆
37.480416,127.04718,112위치신고,개포동,수서안심05,개포파출소,네비스빌 옆
37.480467,127.047286,CCTV,개포동,수서안심05,강남도시관제센터,네비스빌 앞
37.480467,127.047286,안심벨,개포동,수서안심05,강남도시관제센터,네비스빌 앞
37.480467,127.047286,보안등,개포동,수서안심05,,네비스빌 앞
37.480542,127.047278,보안등,개포동,수서안심05,,아주빌라 옆
37.480543,127.04726,노면표기,개포동,수서안심05,,네비스빌 앞
37.480734,127.047293,보안등,개포동,수서안심05,,우리빌라 옆
37.480734,127.047293,112위치신고,개포동,수서안심05,개포파출소,우리빌라 옆
37.519714,127.046651,112위치신고,청담동,강남안심12,청담파출소,청담분식앞
37.519714,127.046651,보안등,청담동,강남안심12,,청담분식앞
37.519767,127.04672,CCTV,청담동,강남안심12,강남도시관제센터,청담분식앞
37.519767,127.04672,안심벨,청담동,강남안심12,강남도시관제센터,청담분식앞
37.519861,127.046746,노면표기,청담동,강남안심12,,골든아트빌앞
37.520023,127.046654,보안등,청담동,강남안심12,,언북초교 공영노외주차장 앞
37.520227,127.046596,보안등,청담동,강남안심12,,언북초교 공영노외주차장 앞
37.520541,127.046508,CCTV,청담동,강남안심12,강남도시관제센터,봉피양앞
37.520541,127.046508,안심벨,청담동,강남안심12,강남도시관제센터,봉피양앞
37.520527,127.046536,보안등,청담동,강남안심12,,봉피양앞
37.520527,127.046536,112위치신고,청담동,강남안심12,청담파출소,GS25앞
37.520861,127.046752,보안등,청담동,강남안심12,,효진빌라앞
37.520996,127.046821,보안등,청담동,강남안심12,,효진빌라앞
37.521035,127.046832,노면표기,청담동,강남안심12,,효진빌라앞
37.521165,127.046942,보안등,청담동,강남안심12,,효진빌라앞
37.521165,127.046968,안심벨,청담동,강남안심12,강남도시관제센터,효진빌라앞
37.521165,127.046968,CCTV,청담동,강남안심12,강남도시관제센터,효진빌라앞
37.521346,127.047018,보안등,청담동,강남안심12,,우성아파트앞
37.521346,127.047018,112위치신고,청담동,강남안심12,청담파출소,현대빌라앞
37.521582,127.047162,보안등,청담동,강남안심12,,현대빌라앞
37.521852,127.047318,CCTV,청담동,강남안심12,강남도시관제센터,현대빌라앞
37.521852,127.047318,안심벨,청담동,강남안심12,강남도시관제센터,현대빌라앞
37.521884,127.047352,보안등,청담동,강남안심12,,아이민한의원앞
37.522063,127.047445,보안등,청담동,강남안심12,,아이민한의원앞
37.522228,127.047551,보안등,청담동,강남안심12,,이레학원앞
37.522324,127.047594,보안등,청담동,강남안심12,,이레학원앞
37.522505,127.047678,보안등,청담동,강남안심12,,이레학원앞
37.522597,127.047736,CCTV,청담동,강남안심12,강남도시관제센터,세븐일레븐앞
37.522597,127.047736,안심벨,청담동,강남안심12,강남도시관제센터,세븐일레븐앞
37.522686,127.047776,보안등,청담동,강남안심12,,세븐일레븐앞
37.522734,127.047776,노면표기,청담동,강남안심12,,세븐일레븐앞
37.522798,127.047831,보안등,청담동,강남안심12,,청담2치안센터앞
37.522837,127.0479,CCTV,청담동,강남안심12,강남도시관제센터,청담2치안센터앞
37.524894,127.050283,노면표기,청담동,강남안심13,,창일빌딩앞
37.525219,127.050548,보안등,청담동,강남안심13,,창일빌딩앞
37.525347,127.05066,보안등,청담동,강남안심13,,깐부치킨앞
37.525398,127.050815,CCTV,청담동,강남안심13,강남도시관제센터,깐부치킨앞
37.525398,127.050815,안심벨,청담동,강남안심13,강남도시관제센터,깐부치킨앞
37.525656,127.050936,보안등,청담동,강남안심13,,깐부치킨앞
37.525828,127.051051,보안등,청담동,강남안심13,,깐부치킨앞
37.525828,127.051051,112위치신고,청담동,강남안심13,청담파출소,깐부치킨앞
37.525931,127.051273,보안등,청담동,강남안심13,,삼미집앞
37.526244,127.051589,CCTV,청담동,강남안심13,강남도시관제센터,삼미집앞
37.526244,127.051589,안심벨,청담동,강남안심13,강남도시관제센터,삼미집앞
37.526281,127.05158,보안등,청담동,강남안심13,,삼미집앞
37.526281,127.05158,112위치신고,청담동,강남안심13,청담파출소,삼미집앞
37.526315,127.051572,노면표기,청담동,강남안심13,,삼미집앞
37.526525,127.051845,보안등,청담동,강남안심13,,연세빌라앞
37.526641,127.051901,보안등,청담동,강남안심13,,상지리츠빌5차아파트앞
37.52683,127.052063,보안등,청담동,강남안심13,,상지리츠빌5차아파트앞
37.527006,127.052351,보안등,청담동,강남안심13,,토종한우전문점앞
37.527129,127.052572,CCTV,청담동,강남안심13,강남도시관제센터,토종한우전문점앞
37.527129,127.052572,안심벨,청담동,강남안심13,강남도시관제센터,토종한우전문점앞
37.527143,127.052604,보안등,청담동,강남안심13,,토종한우전문점앞
37.527143,127.052604,112위치신고,청담동,강남안심13,청담파출소,토종한우전문점앞
37.527157,127.052713,보안등,청담동,강남안심13,,건영아파트앞
37.527193,127.052733,노면표기,청담동,강남안심13,,건영아파트앞
37.527269,127.052934,보안등,청담동,강남안심13,,건영아파트앞
37.527337,127.052923,보안등,청담동,강남안심13,,건영아파트앞
37.527463,127.053153,보안등,청담동,강남안심13,,건영아파트앞
37.527527,127.053282,CCTV,청담동,강남안심13,강남도시관제센터,건영아파트앞
37.527527,127.053282,안심벨,청담동,강남안심13,강남도시관제센터,건영아파트앞
37.516782,127.052421,112위치신고,삼성동,강남안심08,삼성1파출소,cu앞 오거리
37.516782,127.052421,보안등,삼성동,강남안심08,,cu앞 오거리
37.516627,127.052364,CCTV,삼성동,강남안심08,강남도시관제센터,cu앞 오거리
37.516627,127.052364,안심벨,삼성동,강남안심08,강남도시관제센터,cu앞 오거리
37.516758,127.052442,노면표기,삼성동,강남안심08,,cu앞 오거리
37.516904,127.052553,보안등,삼성동,강남안심08,,아델하우스아파트 앞
37.517085,127.052747,보안등,삼성동,강남안심08,,아델하우스아파트 앞 삼거리
37.517032,127.052789,CCTV,삼성동,강남안심08,강남도시관제센터,아델하우스아파트 앞 삼거리
37.517032,127.052789,보안등,삼성동,강남안심08,,아델하우스아파트 앞 삼거리
37.517487,127.053137,보안등,삼성동,강남안심08,,세빙타운하우스아파트 앞
37.517604,127.053292,보안등,삼성동,강남안심08,,제일유치원 앞
37.517718,127.053394,112위치신고,삼성동,강남안심08,삼성1파출소,놀이터 앞 삼거리
37.517735,127.053421,안심벨,삼성동,강남안심08,강남도시관제센터,놀이터 앞 삼거리
37.517735,127.053421,CCTV,삼성동,강남안심08,강남도시관제센터,놀이터 앞 삼거리
37.517771,127.053415,노면표기,삼성동,강남안심08,,놀이터 앞 삼거리
37.517754,127.053445,보안등,삼성동,강남안심08,,놀이터 앞 삼거리
37.518063,127.053652,보안등,삼성동,강남안심08,,베이비보스튜디오 앞
37.518138,127.053743,보안등,삼성동,강남안심08,,애니멀고파크 앞
37.518218,127.053816,보안등,삼성동,강남안심08,,애니멀고파크 앞
37.518303,127.053911,CCTV,삼성동,강남안심08,강남도시관제센터,삼성목련공원 앞
37.518303,127.053911,보안등,삼성동,강남안심08,,삼성목련공원 앞
37.518441,127.054036,보안등,삼성동,강남안심08,,삼성목련공원 앞
37.518591,127.054182,보안등,삼성동,강남안심08,,삼성목련공원 앞
37.51877,127.054405,노면표기,삼성동,강남안심08,,삼성목련공원 앞
37.518727,127.05432,보안등,삼성동,강남안심08,,삼성목련공원 앞
37.51886,127.054466,안심벨,삼성동,강남안심08,강남도시관제센터,삼성목련공원 앞 삼거리
37.51886,127.054466,CCTV,삼성동,강남안심08,강남도시관제센터,삼성목련공원 앞 삼거리
37.518836,127.054448,보안등,삼성동,강남안심08,,삼성목련공원 앞 삼거리
37.518836,127.054448,112위치신고,삼성동,강남안심08,삼성1파출소,삼성목련공원 앞 삼거리
37.518998,127.054597,보안등,삼성동,강남안심08,,하랑빌딩 앞
37.519185,127.054777,보안등,삼성동,강남안심08,,삼성현대1차아파트 앞
37.519381,127.055021,보안등,삼성동,강남안심08,,알로소 앞
37.512008,127.050492,보안등,삼성동,강남안심10,,뜸들이다 삼성중앙점 옆
37.511748,127.050775,보안등,삼성동,강남안심10,,강남교회 앞
37.511611,127.050906,보안등,삼성동,강남안심10,,도마다리감자탕 옆
37.511435,127.05106,노면표기,삼성동,강남안심10,,연세빌라 옆
37.511408,127.051087,보안등,삼성동,강남안심10,,연세빌라 옆
37.511408,127.051087,112위치신고,삼성동,강남안심10,,연세빌라 옆
37.51128,127.051195,CCTV,삼성동,강남안심10,강남도시관제센터,HELEVIN 앞
37.51128,127.051195,안심벨,삼성동,강남안심10,강남도시관제센터,HELEVIN 앞
37.511214,127.051227,보안등,삼성동,강남안심10,,봉은사로72길 15 앞
37.511109,127.051422,보안등,삼성동,강남안심10,,봉은사로72길 17 옆
37.510918,127.051492,보안등,삼성동,강남안심10,,GS25 삼성그린점 앞
37.510969,127.051608,보안등,삼성동,강남안심10,,한양공업사 옆
37.510621,127.051806,보안등,삼성동,강남안심10,,삼영빌 앞
37.510621,127.051806,112위치신고,삼성동,강남안심10,삼성2파출소,삼영빌 앞
37.510631,127.051861,노면표기,삼성동,강남안심10,,길리안 앞
37.510477,127.05205,보안등,삼성동,강남안심10,,리치빌 앞
37.510477,127.05205,CCTV,삼성동,강남안심10,강남도시관제센터,리치빌 앞
37.510477,127.05205,안심벨,삼성동,강남안심10,강남도시관제센터,리치빌 앞
37.510327,127.052077,보안등,삼성동,강남안심10,,White 공인중개사사무소 옆
37.510308,127.052237,보안등,삼성동,강남안심10,,ECCLESIA 앞
37.51018,127.052243,보안등,삼성동,강남안심10,,ECCLESIA 앞
37.509997,127.052498,보안등,삼성동,강남안심10,,MANSS 앞
37.509855,127.052577,CCTV,삼성동,강남안심10,강남도시관제센터,수선마루 앞
37.509855,127.052577,안심벨,삼성동,강남안심10,강남도시관제센터,수선마루 앞
37.509855,127.052577,보안등,삼성동,강남안심10,,수선마루 앞
37.50988,127.052613,보안등,삼성동,강남안심10,,그린빌 앞
37.509759,127.052727,보안등,삼성동,강남안심10,,OK공인중개사 앞
37.509486,127.05294,보안등,삼성동,강남안심10,,에이컷 앞
37.509286,127.05317,노면표기,삼성동,강남안심10,,테헤란로77길 45 앞
37.509261,127.053148,보안등,삼성동,강남안심10,,테헤란로77길 45 앞
37.509261,127.053148,112위치신고,삼성동,강남안심10,삼성2파출소,테헤란로77길 45 앞
37.509209,127.053205,CCTV,삼성동,강남안심10,강남도시관제센터,은혜하우스 앞
37.509209,127.053205,안심벨,삼성동,강남안심10,강남도시관제센터,은혜하우스 앞
37.509045,127.053465,보안등,삼성동,강남안심10,,Havana 테라피 앞
37.508917,127.053497,보안등,삼성동,강남안심10,,용진시스템창호.유리 옆
37.508838,127.053698,CCTV,삼성동,강남안심10,강남도시관제센터,시원공인중개사사무소 앞
37.508838,127.053698,안심벨,삼성동,강남안심10,강남도시관제센터,시원공인중개사사무소 앞
37.508838,127.053698,보안등,삼성동,강남안심10,,시원공인중개사사무소 앞
37.508757,127.053633,보안등,삼성동,강남안심10,,시원공인중개사사무소 앞
37.512505,127.043435,보안등,삼성동,강남안심11,,동일식당 앞
37.512449,127.043552,보안등,삼성동,강남안심11,,동일식당 앞
37.512449,127.043552,CCTV,삼성동,강남안심11,U-강남도시관제센터,동일식당 앞
37.512543,127.043618,보안등,삼성동,강남안심11,,동일식당 앞
37.512553,127.043801,노면표기,삼성동,강남안심11,,동일식당 앞
37.512661,127.044079,보안등,삼성동,강남안심11,,삼성대우멤버스카운티5차 오피스텔 앞
37.512783,127.044506,CCTV,삼성동,강남안심11,강남도시관제센터,삼성대우멤버스카운티3차아파트 앞
37.512783,127.044506,안심벨,삼성동,강남안심11,강남도시관제센터,삼성대우멤버스카운티3차아파트 앞
37.512817,127.044512,보안등,삼성동,강남안심11,,삼성대우멤버스카운티3차아파트 앞
37.512817,127.044512,112위치신고,삼성동,강남안심11,삼성2파출소,삼성대우멤버스카운티3차아파트 앞
37.512801,127.044756,보안등,삼성동,강남안심11,,해피하우스3 앞
37.513004,127.045273,보안등,삼성동,강남안심11,,cu 앞
37.513043,127.045417,보안등,삼성동,강남안심11,,삼성동 31-5 앞
37.513057,127.045675,보안등,삼성동,강남안심11,,뉴한신빌라 앞
37.513089,127.045816,CCTV,삼성동,강남안심11,강남도시관제센터,뉴한신빌라 앞
37.513089,127.045816,안심벨,삼성동,강남안심11,강남도시관제센터,뉴한신빌라 앞
37.513137,127.045914,보안등,삼성동,강남안심11,,더민엔터테인먼트 앞
37.513194,127.046101,보안등,삼성동,강남안심11,,삼성동 41-1 앞
37.513308,127.046279,보안등,삼성동,강남안심11,,렉스빌 앞
37.5134,127.046488,보안등,삼성동,강남안심11,,브레드풀 앞 사거리
37.5134,127.046488,112위치신고,삼성동,강남안심11,삼성2파출소,브레드풀 앞 사거리
37.513386,127.04652,CCTV,삼성동,강남안심11,강남도시관제센터,브레드풀 앞 사거리
37.513386,127.04652,안심벨,삼성동,강남안심11,강남도시관제센터,브레드풀 앞 사거리
37.513395,127.046555,보안등,삼성동,강남안심11,,브레드풀 앞 사거리
37.513404,127.046796,보안등,삼성동,강남안심11,,강남 서초교육지원청 앞
37.513503,127.046917,보안등,삼성동,강남안심11,,강남 서초교육지원청 앞
37.513521,127.047221,CCTV,삼성동,강남안심11,강남도시관제센터,강남도서관 앞
37.513521,127.047221,안심벨,삼성동,강남안심11,강남도시관제센터,강남도서관 앞
37.513614,127.047287,보안등,삼성동,강남안심11,,강남도서관 앞
37.513667,127.047465,보안등,삼성동,강남안심11,,언주중학교 앞
37.513722,127.047649,보안등,삼성동,강남안심11,,언주중학교 앞
37.513777,127.047845,CCTV,삼성동,강남안심11,강남도시관제센터,언주중학교 앞
37.513777,127.047845,안심벨,삼성동,강남안심11,강남도시관제센터,언주중학교 앞
37.513793,127.047876,보안등,삼성동,강남안심11,,언주중학교 앞
37.513793,127.047876,112위치신고,삼성동,강남안심11,삼성2파출소,언주중학교 앞
37.513902,127.048273,보안등,삼성동,강남안심11,,듀나미스 앞
37.513944,127.048576,노면표기,삼성동,강남안심11,,삼성탑 독서실 고시원 앞 사거리
37.514001,127.048601,보안등,삼성동,강남안심11,,삼성탑 독서실 고시원 앞 사거리
37.514024,127.048698,보안등,삼성동,강남안심11,,삼성탑 독서실 고시원 앞 사거리
37.514042,127.04902,보안등,삼성동,강남안심11,,러브인토스터 앞 삼거리
37.514026,127.049054,CCTV,삼성동,강남안심11,강남도시관제센터,러브인토스터 앞 삼거리
37.514026,127.049054,안심벨,삼성동,강남안심11,강남도시관제센터,러브인토스터 앞 삼거리
37.514204,127.049284,보안등,삼성동,강남안심11,,성지빌딩 앞 사거리
37.514142,127.049457,보안등,삼성동,강남안심11,,성지빌딩 앞 사거리
37.514172,127.049448,CCTV,삼성동,강남안심11,강남도시관제센터,성지빌딩 앞 사거리
37.514172,127.049448,안심벨,삼성동,강남안심11,강남도시관제센터,성지빌딩 앞 사거리
37.514312,127.049684,보안등,삼성동,강남안심11,,고향식당 앞
37.514312,127.049684,112위치신고,삼성동,강남안심11,삼성2파출소,고향식당 앞
37.514327,127.049852,노면표기,삼성동,강남안심11,,진성카센타 앞
37.514352,127.050233,CCTV,삼성동,강남안심11,강남도시관제센터,플로꽁 앞 사거리
37.514352,127.050233,안심벨,삼성동,강남안심11,강남도시관제센터,플로꽁 앞 사거리
37.514325,127.050247,보안등,삼성동,강남안심11,,플로꽁 앞 사거리
37.514368,127.050267,보안등,삼성동,강남안심11,,플로꽁 앞 사거리
37.514455,127.050557,보안등,삼성동,강남안심11,,B빌딩 앞
37.514506,127.050744,보안등,삼성동,강남안심11,,GS25 앞 삼거리
37.514682,127.050836,보안등,삼성동,강남안심11,,GS25 앞 삼거리
37.514599,127.05096,보안등,삼성동,강남안심11,,GS25 앞 삼거리
37.514636,127.0511,보안등,삼성동,강남안심11,,삼성힐스테이트 2단지 아파트 앞
37.514675,127.051253,보안등,삼성동,강남안심11,,삼성힐스테이트 2단지 아파트 앞
37.514714,127.051399,보안등,삼성동,강남안심11,,삼성힐스테이트 2단지 아파트 앞
37.514762,127.051569,보안등,삼성동,강남안심11,,삼성힐스테이트 2단지 아파트 앞
37.514832,127.05177,보안등,삼성동,강남안심11,,삼성힐스테이트 2단지 아파트 앞
37.51489,127.051954,보안등,삼성동,강남안심11,,삼성힐스테이트 2단지 아파트 앞
37.515075,127.05204,보안등,삼성동,강남안심11,,삼성힐스테이트 2단지 아파트 앞
37.51219,127.051287,노면표기,삼성동,강남안심20,,아틀리에 스톰프 앞
37.512107,127.051345,보안등,삼성동,강남안심20,,아틀리에 스톰프 앞
37.511885,127.051571,보안등,삼성동,강남안심20,,옆커폰 성지 앞
37.511741,127.051735,CCTV,삼성동,강남안심20,강남도시관제센터,계림방아간 앞
37.511741,127.051735,안심벨,삼성동,강남안심20,강남도시관제센터,계림방아간 앞
37.511686,127.051781,보안등,삼성동,강남안심20,,계림방아간 앞
37.511686,127.051781,112위치신고,삼성동,강남안심20,삼성2파출소,계림방아간 앞
37.511567,127.051848,보안등,삼성동,강남안심20,,준하이츠빌 앞
37.511226,127.052196,노면표기,삼성동,강남안심20,,목로 앞
37.511196,127.052201,보안등,삼성동,강남안심20,,목로 앞
37.511196,127.052201,112위치신고,삼성동,강남안심20,삼성2파출소,목로 앞
37.511166,127.052207,보안등,삼성동,강남안심20,,목로 앞
37.511196,127.052296,CCTV,삼성동,강남안심20,u-강남도시관제센터,목로 앞
37.511196,127.052296,보안등,삼성동,강남안심20,,목로 앞
37.51107,127.052382,보안등,삼성동,강남안심20,,중앙전기철물 앞
37.510894,127.052523,보안등,삼성동,강남안심20,,대도건재 앞
37.510603,127.052824,보안등,삼성동,강남안심20,,카페오터스 앞
37.510433,127.053083,CCTV,삼성동,강남안심20,강남도시관제센터,카페오터스 앞
37.510433,127.053083,안심벨,삼성동,강남안심20,강남도시관제센터,카페오터스 앞
37.510385,127.053069,보안등,삼성동,강남안심20,,카페오터스 앞
37.5102,127.053229,노면표기,삼성동,강남안심20,,1박2일부동산 앞
37.510168,127.053221,보안등,삼성동,강남안심20,,1박2일부동산 앞
37.510129,127.053223,보안등,삼성동,강남안심20,,1박2일부동산 앞
37.510108,127.05329,112위치신고,삼성동,강남안심20,삼성2파출소,1박2일부동산 앞
37.510156,127.053313,보안등,삼성동,강남안심20,,1박2일부동산 앞
37.501734,127.055207,보안등,대치동,수서안심03,,풍림아이원 1차 아파트 옆
37.501734,127.055207,112위치신고,대치동,수서안심03,,풍림아이원 1차 아파트 옆
37.501396,127.055187,보안등,대치동,수서안심03,,오월애 앞
37.501288,127.055201,노면표기,대치동,수서안심03,,W hair 앞
37.501217,127.055129,보안등,대치동,수서안심03,,보양건강도우미 앞
37.501144,127.055115,CCTV,대치동,수서안심03,강남도시관제센터,보양건강도우미 앞
37.501144,127.055115,안심벨,대치동,수서안심03,강남도시관제센터,보양건강도우미 앞
37.501055,127.055207,보안등,대치동,수서안심03,,수목크로스빌 A 옆
37.501055,127.055207,112위치신고,대치동,수서안심03,대치지구대,수목크로스빌 A 옆
37.500906,127.055192,보안등,대치동,수서안심03,,수목크로스빌 A 옆
37.500693,127.055109,보안등,대치동,수서안심03,,동산빌라 옆
37.500693,127.055109,112위치신고,대치동,수서안심03,,동산빌라 옆
37.500599,127.055204,보안등,대치동,수서안심03,,동산빌라 옆
37.500526,127.055149,CCTV,대치동,수서안심03,강남도시관제센터,동산빌라 앞
37.500526,127.055149,안심벨,대치동,수서안심03,강남도시관제센터,동산빌라 앞
37.500458,127.055092,보안등,대치동,수서안심03,,역삼로74길 21 앞
37.500458,127.055092,112위치신고,대치동,수서안심03,,역삼로74길 21 앞
37.500336,127.0551,노면표기,대치동,수서안심03,,새롬하이빌 앞
37.500327,127.055066,보안등,대치동,수서안심03,,새롬하이빌 앞
37.500107,127.055114,보안등,대치동,수서안심03,,셀러버 옆
37.500107,127.055114,112위치신고,대치동,수서안심03,대치지구대,셀러버 옆
37.499943,127.055108,보안등,대치동,수서안심03,,한우리빌라 앞
37.499865,127.055117,CCTV,대치동,수서안심03,강남도시관제센터,서울도곡초등학교 앞
37.499865,127.055117,안심벨,대치동,수서안심03,강남도시관제센터,서울도곡초등학교 앞
37.499833,127.054991,보안등,대치동,수서안심03,,서울도곡초등학교 앞
37.499801,127.055057,보안등,대치동,수서안심03,,서울도곡초등학교 앞
37.503973,127.05892,노면표기,대치동,수서안심04,,팟츠스튜디오 앞
37.503975,127.059078,CCTV,대치동,수서안심04,강남도시관제센터,소호정 앞
37.503975,127.059078,112위치신고,대치동,수서안심04,대치지구대,소호정 앞
37.503975,127.059078,보안등,대치동,수서안심04,,소호정 앞
37.503975,127.059078,안심벨,대치동,수서안심04,강남도시관제센터,소호정 앞
37.50409,127.05917,보안등,대치동,수서안심04,,서흥빌딩 옆
37.504124,127.0593,보안등,대치동,수서안심04,,스마일카케어 대치삼성점 옆
37.504087,127.059415,112위치신고,대치동,수서안심04,대치지구대,스마일카케어 대치삼성점 앞
37.504252,127.05965,CCTV,대치동,수서안심04,강남도시관제센터,잉꼬세탁 앞
37.504252,127.05965,안심벨,대치동,수서안심04,강남도시관제센터,잉꼬세탁 앞
37.504252,127.05965,보안등,대치동,수서안심04,,잉꼬세탁 앞
37.504314,127.059874,보안등,대치동,수서안심04,,삼성로 76길 19 옆
37.504302,127.060084,112위치신고,대치동,수서안심04,,강남공인중개사사무소 옆
37.504506,127.060377,보안등,대치동,수서안심04,,아이나비 강남대리점 앞
37.504455,127.060575,112위치신고,대치동,수서안심04,대치지구대,금강빌 앞
37.504551,127.060613,보안등,대치동,수서안심04,,오토개러지 앞
37.504528,127.06065,노면표기,대치동,수서안심04,,오토개러지 앞
37.504656,127.061053,CCTV,대치동,수서안심04,강남도시관제센터,라임빌딩 옆
37.504656,127.061053,안심벨,대치동,수서안심04,강남도시관제센터,라임빌딩 옆
37.504656,127.061053,보안등,대치동,수서안심04,,라임빌딩 옆
37.504656,127.061053,112위치신고,대치동,수서안심04,대치지구대,라임빌딩 옆
37.504398,127.061133,보안등,대치동,수서안심04,,라임빌딩 앞
37.504228,127.061187,보안등,대치동,수서안심04,,청우빌딩 앞
37.504119,127.061115,112위치신고,대치동,수서안심04,대치지구대,이마트24 대치휘문점 옆
37.504041,127.061233,CCTV,대치동,수서안심04,강남도시관제센터,이마트24 대치휘문점 옆
37.504041,127.061233,안심벨,대치동,수서안심04,강남도시관제센터,이마트24 대치휘문점 옆
37.504041,127.061233,보안등,대치동,수서안심04,,이마트24 대치휘문점 옆
37.522725,127.025799,안심벨,신사동,강남안심15,강남도시관제센터,신사찹쌀꽈배기
37.522725,127.025799,보안등,신사동,강남안심15,,신사찹쌀꽈배기
37.522732,127.02577,보안등,신사동,강남안심15,,신사찹쌀꽈배기
37.522725,127.025799,CCTV,신사동,강남안심15,강남도시관제센터,신사찹쌀꽈배기
37.522597,127.025568,112위치신고,신사동,강남안심15,신사파출소,신사찹쌀꽈배기
37.522597,127.025568,보안등,신사동,강남안심15,,신사찹쌀꽈배기
37.522537,127.02549,노면표기,신사동,강남안심15,,매머드커피
37.522449,127.025238,보안등,신사동,강남안심15,,논현로159길38
37.5223,127.024966,보안등,신사동,강남안심15,,WARD BRAUN
37.522209,127.024902,보안등,신사동,강남안심15,,WARD BRAUN
37.522111,127.024585,안심벨,신사동,강남안심15,강남도시관제센터,MALTA ISLAND
37.522111,127.024585,CCTV,신사동,강남안심15,강남도시관제센터,MALTA ISLAND
37.522111,127.024585,보안등,신사동,강남안심15,,MALTA ISLAND
37.522111,127.024585,112위치신고,신사동,강남안심15,신사파출소,MALTA ISLAND
37.522081,127.02459,노면표기,신사동,강남안심15,,MALTA ISLAND
37.522034,127.024593,보안등,신사동,강남안심15,,행복머릿방
37.521979,127.024568,보안등,신사동,강남안심15,,행복머릿방
37.521806,127.024707,보안등,신사동,강남안심15,,THEAUTHENTIC맞은편
37.521614,127.024854,안심벨,신사동,강남안심15,강남도시관제센터,CU신사프리미어점
37.521614,127.024854,CCTV,신사동,강남안심15,강남도시관제센터,CU신사프리미어점
37.521586,127.024967,보안등,신사동,강남안심15,,CU신사프리미어점
37.521478,127.025068,보안등,신사동,강남안심15,,리비어어학원
37.521389,127.025059,보안등,신사동,강남안심15,,레디수선
37.521389,127.025059,112위치신고,신사동,강남안심15,신사파출소,레디수선
37.521405,127.025065,노면표기,신사동,강남안심15,,레디수선
37.521204,127.025295,보안등,신사동,강남안심15,,성우빌라
37.52073,127.025644,노면표기,신사동,강남안심15,,은행수공원앞
37.52073,127.025644,보안등,신사동,강남안심15,,은행수공원앞
37.520695,127.025778,안심벨,신사동,강남안심15,강남도시관제센터,은행수공원앞
37.520695,127.025778,112위치신고,신사동,강남안심15,신사파출소,은행수공원앞
37.520695,127.025778,보안등,신사동,강남안심15,,은행수공원앞
37.520695,127.025778,CCTV,신사동,강남안심15,강남도시관제센터,은행수공원앞
37.527043,127.029246,노면표기,신사동,강남안심17,,하늘체한의원
37.526955,127.029181,보안등,신사동,강남안심17,,하늘체한의원
37.526955,127.029181,CCTV,신사동,강남안심17,강남도시관제센터,하늘체한의원
37.526877,127.029298,보안등,신사동,강남안심17,,하늘체한의원
37.526918,127.029242,안심벨,신사동,강남안심17,강남도시관제센터,하늘체한의원
37.526918,127.029242,CCTV,신사동,강남안심17,강남도시관제센터,하늘체한의원
37.526858,127.029204,보안등,신사동,강남안심17,,하늘체한의원
37.526858,127.029204,112위치신고,신사동,강남안심17,압구정파출소,하늘체한의원
37.526552,127.02951,보안등,신사동,강남안심17,,서울예체능지부맞은편
37.52647,127.029905,CCTV,신사동,강남안심17,강남도시관제센터,충무상회
37.52647,127.029905,보안등,신사동,강남안심17,,충무상회
37.52647,127.029905,112위치신고,신사동,강남안심17,압구정파출소,충무상회
37.52647,127.029905,안심벨,신사동,강남안심17,강남도시관제센터,충무상회
37.526452,127.029989,보안등,신사동,강남안심17,,충무상회
37.526463,127.03036,보안등,신사동,강남안심17,,가담
37.526435,127.030447,보안등,신사동,강남안심17,,가담
37.526484,127.0306,보안등,신사동,강남안심17,,압구정1동성당
37.526437,127.030648,보안등,신사동,강남안심17,,압구정1동성당
37.526492,127.030705,안심벨,신사동,강남안심17,강남도시관제센터,압구정1동성당
37.526492,127.030705,CCTV,신사동,강남안심17,강남도시관제센터,압구정1동성당
37.526492,127.030705,보안등,신사동,강남안심17,,압구정1동성당
37.526492,127.030705,112위치신고,신사동,강남안심17,압구정파출소,압구정1동성당
37.526424,127.030999,보안등,신사동,강남안심17,,안상훈치과
37.52646,127.031066,노면표기,신사동,강남안심17,,안상훈치과
37.526488,127.031188,보안등,신사동,강남안심17,,안상훈치과
37.526418,127.031464,보안등,신사동,강남안심17,,아우어베이커리 압구정소망점
37.526395,127.031551,안심벨,신사동,강남안심17,강남도시관제센터,아우어베이커리 압구정소망점
37.526395,127.031551,CCTV,신사동,강남안심17,강남도시관제센터,아우어베이커리 압구정소망점
37.526395,127.031551,112위치신고,신사동,강남안심17,압구정파출소,아우어베이커리 압구정소망점
37.526461,127.031568,보안등,신사동,강남안심17,,아우어베이커리 압구정소망점
37.526467,127.031931,보안등,신사동,강남안심17,,신구중학교
37.526455,127.032175,보안등,신사동,강남안심17,,신구중학교
37.52644,127.032379,보안등,신사동,강남안심17,,신구중학교
37.526435,127.032675,보안등,신사동,강남안심17,,신구중학교
37.526402,127.032747,노면표기,신사동,강남안심17,,신구중학교
37.508449,127.02538,CCTV,논현동,강남안심03,강남도시관제센터,논현까치공원
37.508449,127.02538,112위치신고,논현동,강남안심03,논현1파출소,논현까치공원
37.508449,127.02538,보안등,논현동,강남안심03,,논현까치공원
37.508449,127.02538,안심벨,논현동,강남안심03,강남도시관제센터,논현까치공원
37.508355,127.025076,보안등,논현동,강남안심03,,논현까치공원
37.50831,127.024988,노면표기,논현동,강남안심03,,논현까치공원
37.508248,127.024745,보안등,논현동,강남안심03,,생활맥주
37.508152,127.024331,보안등,논현동,강남안심03,,우슴
37.508152,127.024331,112위치신고,논현동,강남안심03,논현1파출소,우슴
37.507988,127.02419,보안등,논현동,강남안심03,,우슴
37.507673,127.023861,CCTV,논현동,강남안심03,강남도시관제센터,농장사람들
37.507673,127.023861,안심벨,논현동,강남안심03,강남도시관제센터,농장사람들
37.507673,127.023861,112위치신고,논현동,강남안심03,논현1파출소,농장사람들
37.507673,127.023861,보안등,논현동,강남안심03,,농장사람들
37.507264,127.023496,노면표기,논현동,강남안심03,,MN휘트니스
37.507022,127.03122,보안등,논현동,강남안심04,,우리공인중개사
37.507097,127.031201,노면표기,논현동,강남안심04,,우리공인중개사
37.507133,127.031142,보안등,논현동,강남안심04,,우리공인중개사
37.507228,127.031088,CCTV,논현동,강남안심04,강남도시관제센터,우리공인중개사
37.507228,127.031088,안심벨,논현동,강남안심04,강남도시관제센터,우리공인중개사
37.507228,127.031088,보안등,논현동,강남안심04,,우리공인중개사
37.507228,127.031088,112위치신고,논현동,강남안심04,,우리공인중개사
37.507228,127.031088,112위치신고,논현동,강남안심04,논현1파출소,우리공인중개사
37.507399,127.031016,보안등,논현동,강남안심04,,봉은사로21길12
37.507653,127.030913,CCTV,논현동,강남안심04,강남도시관제센터,봉은사로21길14
37.507653,127.030913,안심벨,논현동,강남안심04,강남도시관제센터,봉은사로21길14
37.507653,127.030913,보안등,논현동,강남안심04,,봉은사로21길14
37.507738,127.030899,노면표기,논현동,강남안심04,,봉은사로21길14
37.507943,127.030756,보안등,논현동,강남안심04,,GS25논현으뜸점
37.507943,127.030756,안내표지판,논현동,강남안심04,,GS25논현으뜸점
37.507943,127.030756,CCTV,논현동,강남안심04,강남도시관제센터,GS25논현으뜸점
37.508266,127.030577,112위치신고,논현동,강남안심04,논현1파출소,엘로이헤어
37.508266,127.030577,보안등,논현동,강남안심04,,엘로이헤어
37.508266,127.030577,CCTV,논현동,강남안심04,강남도시관제센터,엘로이헤어
37.508266,127.030577,안심벨,논현동,강남안심04,강남도시관제센터,엘로이헤어
37.508467,127.030402,노면표기,논현동,강남안심04,,아트힐A
37.508463,127.030317,보안등,논현동,강남안심04,,아트힐A
37.508671,127.030045,보안등,논현동,강남안심04,,한국부동산
37.508701,127.029888,보안등,논현동,강남안심04,,한국부동산
37.508707,127.029843,CCTV,논현동,강남안심04,강남도시관제센터,한국부동산
37.508707,127.029843,112위치신고,논현동,강남안심04,논현1파출소,한국부동산
37.508707,127.029843,안심벨,논현동,강남안심04,강남도시관제센터,한국부동산
37.508707,127.029843,보안등,논현동,강남안심04,,한국부동산
37.508892,127.029545,CCTV,논현동,강남안심04,강남도시관제센터,한양세탁소
37.508892,127.029545,보안등,논현동,강남안심04,,한양세탁소
37.508892,127.029545,안내표지판,논현동,강남안심04,,한양세탁소
37.50907,127.029235,보안등,논현동,강남안심04,,단지마트
37.50911,127.029288,CCTV,논현동,강남안심04,강남도시관제센터,단지마트
37.50911,127.029288,안심벨,논현동,강남안심04,강남도시관제센터,단지마트
37.509097,127.029179,보안등,논현동,강남안심04,,단지마트
37.509346,127.028881,보안등,논현동,강남안심04,,HONEY MOON VILLA
37.509346,127.028881,CCTV,논현동,강남안심04,강남도시관제센터,HONEY MOON VILLA
37.509346,127.028881,안내표지판,논현동,강남안심04,,HONEY MOON VILLA
37.509344,127.028854,노면표기,논현동,강남안심04,,HONEY MOON VILLA
37.509393,127.028668,보안등,논현동,강남안심04,,MODUGAL
37.509393,127.028668,CCTV,논현동,강남안심04,강남도시관제센터,MODUGAL
37.509393,127.028668,112위치신고,논현동,강남안심04,,MODUGAL
37.509393,127.028668,112위치신고,논현동,강남안심04,논현1파출소,MODUGAL
37.508848,127.036871,보안등,논현동,강남안심05,,로이체 앞
37.508848,127.036871,112위치신고,논현동,강남안심05,논현2파출소,로이체 앞
37.508743,127.037009,노면표기,논현동,강남안심05,,호텔야자 앞
37.509167,127.036598,보안등,논현동,강남안심05,,에이전시부스터 앞
37.50932,127.036621,안내표지판,논현동,강남안심05,,파워캐스팅 앞
37.50932,127.036621,보안등,논현동,강남안심05,,파워캐스팅 앞
37.509306,127.036463,CCTV,논현동,강남안심05,강남도시관제센터,GS25 앞
37.509306,127.036463,보안등,논현동,강남안심05,,GS25 앞
37.509554,127.036361,보안등,논현동,강남안심05,,수 엔터테인먼트 앞
37.50966,127.036258,보안등,논현동,강남안심05,,공브라더스 골프 아카데미 앞
37.509763,127.036163,보안등,논현동,강남안심05,,논현동 231-3 앞
37.509806,127.036025,보안등,논현동,강남안심05,,논현동 230-10 앞
37.509964,127.035965,보안등,논현동,강남안심05,,세븐일레븐 앞
37.510003,127.035833,보안등,논현동,강남안심05,,카이수산 앞
37.510003,127.035833,112위치신고,논현동,강남안심05,논현2파출소,카이수산 앞
37.510163,127.03579,CCTV,논현동,강남안심05,강남도시관제센터,신우빌딩 앞
37.510163,127.03579,안심벨,논현동,강남안심05,강남도시관제센터,신우빌딩 앞
37.510297,127.035612,안내표지판,논현동,강남안심05,,동궁빌딩 앞
37.510297,127.035612,보안등,논현동,강남안심05,,동궁빌딩 앞
37.510706,127.035364,보안등,논현동,강남안심05,,손자소프트 앞
37.510892,127.035255,보안등,논현동,강남안심05,,라이징 엔터테인먼트 앞
37.511048,127.035221,보안등,논현동,강남안심05,,라이징 엔터테인먼트 앞 삼거리
37.511071,127.035198,CCTV,논현동,강남안심05,강남도시관제센터,라이징 엔터테인먼트 앞 삼거리
37.511243,127.035112,안내표지판,논현동,강남안심05,,논현빌라 앞
37.511243,127.035112,보안등,논현동,강남안심05,,논현빌라 앞
37.51138,127.035046,보안등,논현동,강남안심05,,논현빌라 앞
37.51138,127.035046,112위치신고,논현동,강남안심05,논현2파출소,논현빌라 앞
37.511534,127.034992,CCTV,논현동,강남안심05,강남도시관제센터,메네스 프로덕션 앞 사거리
37.511534,127.034992,안심벨,논현동,강남안심05,강남도시관제센터,메네스 프로덕션 앞 사거리
37.511554,127.035015,보안등,논현동,강남안심05,,메네스 프로덕션 앞 사거리
37.511798,127.034828,노면표기,논현동,강남안심05,,82커피 앞
37.511857,127.034739,CCTV,논현동,강남안심05,강남도시관제센터,82커피 앞 삼거리
37.511857,127.034739,안심벨,논현동,강남안심05,강남도시관제센터,82커피 앞 삼거리
37.51188,127.03476,보안등,논현동,강남안심05,,82커피 앞 삼거리
37.512148,127.03465,보안등,논현동,강남안심05,,예랑프로덕션 앞
37.512327,127.034541,보안등,논현동,강남안심05,,일영빌딩 앞
37.512327,127.034541,112위치신고,논현동,강남안심05,논현2파출소,일영빌딩 앞
37.5124,127.034628,보안등,논현동,강남안심05,,일영빌딩 앞
37.512717,127.034575,CCTV,논현동,강남안심05,강남도시관제센터,메종드리라 앞
37.512717,127.034575,보안등,논현동,강남안심05,,메종드리라 앞
37.512984,127.034471,보안등,논현동,강남안심05,,브랜뉴테크 앞
37.513051,127.034503,CCTV,논현동,강남안심05,U-강남 도시관제센터,브랜뉴테크 앞
37.513051,127.034503,안심벨,논현동,강남안심05,U-강남 도시관제센터,브랜뉴테크 앞
37.513348,127.034486,보안등,논현동,강남안심05,,개미엔터테인먼트 앞
37.513538,127.034469,보안등,논현동,강남안심05,,세민빌딩 앞
37.513765,127.034486,노면표기,논현동,강남안심05,,논현동 211-4 앞
37.513767,127.034449,안내표지판,논현동,강남안심05,,논현동 211-4 앞
37.513767,127.034449,보안등,논현동,강남안심05,,논현동 211-4 앞
37.513941,127.034449,보안등,논현동,강남안심05,,행복한초밥 앞
37.514161,127.03444,보안등,논현동,강남안심05,,논현동 212-6 앞
37.514415,127.034518,보안등,논현동,강남안심05,,재정빌딩 앞
37.514472,127.034406,안내표지판,논현동,강남안심05,,헤펠레코리아 앞
37.514472,127.034406,보안등,논현동,강남안심05,,헤펠레코리아 앞
37.5146,127.034397,보안등,논현동,강남안심05,,준빌딩 앞
37.5146,127.034397,112위치신고,논현동,강남안심05,논현2파출소,준빌딩 앞
37.50932,127.036621,CCTV,논현동,강남안심05,강남도시관제센터,파워캐스팅 앞
37.510297,127.035612,CCTV,논현동,강남안심05,강남도시관제센터,동궁빌딩 앞
37.511243,127.035112,CCTV,논현동,강남안심05,강남도시관제센터,논현빌라 앞
37.513767,127.034449,CCTV,논현동,강남안심05,강남도시관제센터,논현동 211-4 앞
37.514472,127.034406,CCTV,논현동,강남안심05,강남도시관제센터,헤펠레코리아 앞
37.517668,127.040053,CCTV,논현동,강남안심06,강남도시관제센터,두성전주콩나물국밥 앞
37.517668,127.040053,안심벨,논현동,강남안심06,강남도시관제센터,두성전주콩나물국밥 앞
37.517675,127.040085,보안등,논현동,강남안심06,,두성전주콩나물국밥 앞
37.517762,127.040275,보안등,논현동,강남안심06,,네온정형외과의원 앞
37.518286,127.039933,보안등,논현동,강남안심06,,나비드짐 앞
37.518444,127.039876,보안등,논현동,강남안심06,,스튜디오 매드독 앞
37.518648,127.039887,보안등,논현동,강남안심06,,삼성빌딩 앞
37.518856,127.039778,보안등,논현동,강남안심06,,바이씨엘로 앞
37.518856,127.039778,112위치신고,논현동,강남안심06,논현2파출소,바이씨엘로 앞
37.519147,127.039701,보안등,논현동,강남안심06,,김태기선한복 앞
37.51914,127.039675,CCTV,논현동,강남안심06,강남도시관제센터,김태기선한복 앞
37.51914,127.039675,안심벨,논현동,강남안심06,강남도시관제센터,김태기선한복 앞
37.519277,127.039583,노면표기,논현동,강남안심06,,새터빌라 앞
37.519422,127.039566,보안등,논현동,강남안심06,,논현동 102-6 앞
37.519607,127.039422,CCTV,논현동,강남안심06,강남도시관제센터,논현동 104-35 앞
37.519607,127.039422,안심벨,논현동,강남안심06,강남도시관제센터,논현동 104-35 앞
37.519609,127.039399,보안등,논현동,강남안심06,,논현동 104-35 앞
37.519609,127.039399,112위치신고,논현동,강남안심06,논현2파출소,논현동 104-35 앞
37.519976,127.03931,보안등,논현동,강남안심06,,논현동 103-7 앞
37.520165,127.039319,보안등,논현동,강남안심06,,영동이용원 앞
37.520225,127.039287,CCTV,논현동,강남안심06,U-강남도시관제센터,영동이용원 앞
37.520225,127.039287,보안등,논현동,강남안심06,,영동이용원 앞
37.520378,127.03915,보안등,논현동,강남안심06,,에이원빌딩 앞
37.520378,127.03915,112위치신고,논현동,강남안심06,논현2파출소,에이원빌딩 앞
37.520365,127.039178,노면표기,논현동,강남안심06,,에이원빌딩 앞
37.520504,127.039107,보안등,논현동,강남안심06,,시오 앞
37.520793,127.038989,보안등,논현동,강남안심06,,빈트윈 앞
37.521129,127.03886,보안등,논현동,강남안심06,,운선제한복 앞
37.521118,127.038897,노면표기,논현동,강남안심06,,운선제한복 앞
37.521161,127.038909,112위치신고,논현동,강남안심06,논현2파출소,운선제한복 앞
37.521392,127.038711,CCTV,논현동,강남안심06,강남도시관제센터,이마트24 앞
37.521392,127.038711,안심벨,논현동,강남안심06,강남도시관제센터,이마트24 앞
37.52139,127.038745,보안등,논현동,강남안심06,,이마트24 앞
37.52142,127.038849,보안등,논현동,강남안심06,,이마트24 앞
37.521656,127.038688,보안등,논현동,강남안심06,,유코컴퍼니 앞
37.521985,127.038619,보안등,논현동,강남안심06,,325E&C 앞
37.52207,127.038444,보안등,논현동,강남안심06,,325E&C 앞
37.522065,127.038484,보안등,논현동,강남안심06,,325E&C 앞
37.522129,127.038567,CCTV,논현동,강남안심06,강남도시관제센터,325E&C 앞
37.522129,127.038567,안심벨,논현동,강남안심06,강남도시관제센터,325E&C 앞
37.522358,127.03845,노면표기,논현동,강남안심06,,아비가일 앞
37.522379,127.038412,보안등,논현동,강남안심06,,아비가일 앞
37.51509,127.032771,보안등,논현동,강남안심07,,상문빌딩 앞
37.51509,127.032771,112위치신고,논현동,강남안심07,논현2파출소,상문빌딩 앞
37.515296,127.032587,보안등,논현동,강남안심07,,이룸빌딩 앞
37.515287,127.032671,보안등,논현동,강남안심07,,이룸빌딩 앞
37.515369,127.032777,CCTV,논현동,강남안심07,U-강남 도시관제센터,동천홍 앞
37.515369,127.032777,보안등,논현동,강남안심07,,동천홍 앞
37.515454,127.032659,노면표기,논현동,강남안심07,,동천홍 앞
37.515676,127.032628,보안등,논현동,강남안심07,,사랑채 앞
37.515898,127.032407,보안등,논현동,강남안심07,,오피스데이 앞
37.51609,127.03232,보안등,논현동,강남안심07,,한국유통 앞
37.51609,127.03232,112위치신고,논현동,강남안심07,논현2파출소,한국유통 앞
37.516262,127.032254,보안등,논현동,강남안심07,,제이에스건설 앞
37.516452,127.032148,CCTV,논현동,강남안심07,강남도시관제센터,논현드림빌 앞
37.516452,127.032148,112위치신고,논현동,강남안심07,논현2파출소,논현드림빌 앞
37.516452,127.032148,보안등,논현동,강남안심07,,논현드림빌 앞
37.516545,127.032645,보안등,논현동,강남안심07,,손손빌딩 앞
37.51666,127.032987,보안등,논현동,강남안심07,,라닉스 앞
37.516667,127.033019,CCTV,논현동,강남안심07,강남도시관제센터,라닉스 앞
37.516667,127.033019,안심벨,논현동,강남안심07,강남도시관제센터,라닉스 앞
37.51677,127.033088,보안등,논현동,강남안심07,,라닉스 앞
37.51677,127.033088,112위치신고,논현동,강남안심07,논현2파출소,라닉스 앞
37.51693,127.033053,보안등,논현동,강남안심07,,돌담길빌라 앞
37.517118,127.033056,보안등,논현동,강남안심07,,논현힐스 앞
37.517232,127.033046,보안등,논현동,강남안심07,,마이홈 앞
37.517404,127.033044,보안등,논현동,강남안심07,,레이디로즈 스튜디오 앞
37.517557,127.033049,보안등,논현동,강남안심07,,코드매니지먼트 앞
37.517687,127.033052,보안등,논현동,강남안심07,,파크위드엔터테인먼트 앞
37.517873,127.033038,보안등,논현동,강남안심07,,파크위드엔터테인먼트 앞
37.518113,127.033032,보안등,논현동,강남안심07,,리나갤러리 앞
37.518433,127.03303,보안등,논현동,강남안심07,,리한우낀집 앞
37.518433,127.03303,112위치신고,논현동,강남안심07,논현2파출소,리한우낀집 앞
37.51844,127.033004,CCTV,논현동,강남안심07,강남도시관제센터,리한우낀집 앞
37.51844,127.033004,안심벨,논현동,강남안심07,강남도시관제센터,리한우낀집 앞
37.518594,127.032923,보안등,논현동,강남안심07,,토브헤세드 앞
37.518724,127.032857,보안등,논현동,강남안심07,,토브헤세드 앞
37.518919,127.032757,보안등,논현동,강남안심07,,효진하숙 앞
37.519026,127.032702,CCTV,논현동,강남안심07,강남도시관제센터,튤립크리닝 앞
37.519026,127.032702,안심벨,논현동,강남안심07,강남도시관제센터,튤립크리닝 앞
37.519051,127.032694,보안등,논현동,강남안심07,,튤립크리닝 앞
37.519196,127.032622,보안등,논현동,강남안심07,,토미주택 앞
37.51939,127.032527,보안등,논현동,강남안심07,,청열 앞
37.519518,127.032507,보안등,논현동,강남안심07,,에스모델 에이전시 앞
37.519804,127.032352,보안등,논현동,강남안심07,,인터팜 이화약국 앞
37.520091,127.03222,보안등,논현동,강남안심07,,영빌딩 앞
37.520146,127.032194,CCTV,논현동,강남안심07,강남도시관제센터,새로나슈퍼 앞
37.520146,127.032194,안심벨,논현동,강남안심07,강남도시관제센터,새로나슈퍼 앞
37.520148,127.032171,보안등,논현동,강남안심07,,새로나슈퍼 앞
37.520173,127.032097,노면표기,논현동,강남안심07,,새로나슈퍼 앞
37.520317,127.0321,보안등,논현동,강남안심07,,새로나슈퍼 앞
37.520317,127.0321,112위치신고,논현동,강남안심07,논현2파출소,새로나슈퍼 앞
37.520688,127.031959,CCTV,논현동,강남안심07,U-강남 도시관제센터,조일빌딩 앞
37.513273,127.03014,노면표기,논현동,강남안심19,,타일웍스 앞
37.513262,127.030185,보안등,논현동,강남안심19,,타일웍스 앞
37.513262,127.030185,112위치신고,논현동,강남안심19,논현1파출소,타일웍스 앞
37.512971,127.030246,보안등,논현동,강남안심19,,대제타일 앞
37.512971,127.030246,CCTV,논현동,강남안심19,u-강남도시관제센터,대제타일 앞
37.512907,127.030358,보안등,논현동,강남안심19,,학동로28길 13 앞
37.512669,127.03047,보안등,논현동,강남안심19,,학동로28길 15 앞
37.512342,127.030642,CCTV,논현동,강남안심19,u-강남도시관제센터,개나리집 앞
37.512342,127.030642,안심벨,논현동,강남안심19,u-강남도시관제센터,개나리집 앞
37.512337,127.030553,보안등,논현동,강남안심19,,개나리집 앞
37.512205,127.03061,보안등,논현동,강남안심19,,학동로28길 23 앞
37.512031,127.030725,노면표기,논현동,강남안심19,,학동로28길 25 앞
37.511822,127.030872,보안등,논현동,강남안심19,,학동로28길 30 앞
37.511822,127.030872,112위치신고,논현동,강남안심19,논현1파출소,학동로28길 30 앞
37.511797,127.030863,CCTV,논현동,강남안심19,강남도시관제센터,학동로28길 30 앞
37.511797,127.030863,안심벨,논현동,강남안심19,강남도시관제센터,학동로28길 30 앞
37.511795,127.030607,보안등,논현동,강남안심19,,크린세탁 앞
37.511632,127.030461,보안등,논현동,강남안심19,,모드세라믹 앞
37.511713,127.030343,보안등,논현동,강남안심19,,더 골드타일 앞
37.511498,127.030122,보안등,논현동,강남안심19,,논현 개나리공원 앞
37.511516,127.030116,CCTV,논현동,강남안심19,강남도시관제센터,논현 개나리공원 앞
37.511516,127.030116,안심벨,논현동,강남안심19,강남도시관제센터,논현 개나리공원 앞
37.511543,127.030061,보안등,논현동,강남안심19,,논현 개나리공원 앞
37.511575,127.030064,노면표기,논현동,강남안심19,,논현 개나리공원 앞
37.511459,127.02978,보안등,논현동,강남안심19,,논현로123길 24 앞
37.511388,127.029593,보안등,논현동,강남안심19,,논현로123길 26 앞
37.511388,127.029593,112위치신고,논현동,강남안심19,논현1파출소,논현로123길 26 앞
37.511379,127.029567,CCTV,논현동,강남안심19,강남도시관제센터,논현로123길 26 앞
37.511379,127.029567,안심벨,논현동,강남안심19,강남도시관제센터,논현로123길 26 앞
37.472,127.106943,112위치신고,율현동,수서안심07,대왕파출소,CU율현중앙점 옆
37.472,127.106943,보안등,율현동,수서안심07,,CU율현중앙점 옆
37.471894,127.106954,보안등,율현동,수서안심07,,새하늘부동산 앞
37.47189,127.106248,112위치신고,율현동,수서안심07,대왕파출소,옥산철물 앞
37.47189,127.106248,CCTV,율현동,수서안심07,강남도시관제센터,옥산철물 앞
37.47189,127.106248,보안등,율현동,수서안심07,,옥산철물 앞
37.47189,127.106248,안심벨,율현동,수서안심07,강남도시관제센터,옥산철물 앞
37.471733,127.106058,노면표기,율현동,수서안심07,,밤고개로24길44 앞
37.471758,127.106021,보안등,율현동,수서안심07,,밤고개로24길44 앞
37.471758,127.106021,112위치신고,율현동,수서안심07,대왕파출소,밤고개로24길44 앞
37.471721,127.105914,보안등,율현동,수서안심07,,밤고개로24길44 앞
37.471433,127.105816,보안등,율현동,수서안심07,,밤고개로24길50 옆
37.471145,127.105629,112위치신고,율현동,수서안심07,대왕파출소,범개로화실 옆
37.471145,127.105629,보안등,율현동,수서안심07,,범개로화실 옆
37.470671,127.105327,112위치신고,율현동,수서안심07,대왕파출소,방죽1시니어센터 옆
37.470671,127.105327,보안등,율현동,수서안심07,,방죽1시니어센터 옆
37.470361,127.104956,112위치신고,율현동,수서안심07,대왕파출소,윗방죽마을공원 옆
37.470361,127.104956,보안등,율현동,수서안심07,,윗방죽마을공원 옆
37.470301,127.104862,CCTV,율현동,수서안심07,강남도시관제센터,윗방죽마을공원 앞
37.470301,127.104862,안심벨,율현동,수서안심07,강남도시관제센터,윗방죽마을공원 앞
37.470207,127.104844,보안등,율현동,수서안심07,,방죽어린이집 옆
37.470034,127.104531,노면표기,율현동,수서안심07,,방죽어린이집 앞
37.470066,127.104537,112위치신고,율현동,수서안심07,대왕파출소,방죽어린이집 앞
37.470066,127.104537,보안등,율현동,수서안심07,,방죽어린이집 앞
37.470066,127.104537,안심벨,율현동,수서안심07,강남도시관제센터,방죽어린이집 앞
37.470066,127.104537,CCTV,율현동,수서안심07,강남도시관제센터,방죽어린이집 앞
37.470066,127.104537,보안등,율현동,수서안심07,,방죽어린이집 앞
37.490814,127.081278,112위치신고,일원동,수서안심06,일원지구대,블루클럽 대청역점 앞
37.490814,127.081278,안심벨,일원동,수서안심06,강남도시관제센터,블루클럽 대청역점 앞
37.490814,127.081278,CCTV,일원동,수서안심06,강남도시관제센터,블루클럽 대청역점 앞
37.490743,127.081282,보안등,일원동,수서안심06,,블루클럽 대청역점 옆
37.490917,127.081513,112위치신고,일원동,수서안심06,일원지구대,대청명품세탁 앞
37.490917,127.081513,보안등,일원동,수서안심06,,대청명품세탁 앞
37.490941,127.081708,보안등,일원동,수서안심06,,스완빌 옆
37.491086,127.081905,보안등,일원동,수서안심06,,광현빌라A동 앞
37.491206,127.082161,112위치신고,일원동,수서안심06,일원지구대,광현빌라B동 앞
37.491206,127.082161,보안등,일원동,수서안심06,,광현빌라B동 앞
37.491331,127.082387,CCTV,일원동,수서안심06,강남도시관제센터,명성공인중개사 앞
37.491331,127.082387,112위치신고,일원동,수서안심06,일원지구대,명성공인중개사 앞
37.491331,127.082387,보안등,일원동,수서안심06,,명성공인중개사 앞
37.491311,127.082554,보안등,일원동,수서안심06,,강성교회 옆
37.491385,127.082557,보안등,일원동,수서안심06,,롯데슈퍼 앞
37.491385,127.082557,112위치신고,일원동,수서안심06,일원지구대,롯데슈퍼 앞
37.491385,127.082557,보안등,일원동,수서안심06,,롯데슈퍼 앞
37.491511,127.082837,112위치신고,일원동,수서안심06,일원지구대,어썸 옆
37.491511,127.082837,보안등,일원동,수서안심06,,어썸 옆
37.49148,127.08295,보안등,일원동,수서안심06,,커피잔 앞
37.491634,127.0832,보안등,일원동,수서안심06,,일원건강원 앞
37.491681,127.083185,112위치신고,일원동,수서안심06,일원지구대,강남재횔용센타 옆
37.491681,127.083185,보안등,일원동,수서안심06,,강남재횔용센타 옆
37.491629,127.083251,안심벨,일원동,수서안심06,강남도시관제센터,일원건강원 옆
37.491629,127.083251,CCTV,일원동,수서안심06,강남도시관제센터,일원건강원 옆
37.491769,127.083497,보안등,일원동,수서안심06,,주신방 옷수선 앞
37.491916,127.083692,112위치신고,일원동,수서안심06,일원지구대,드림캐슬 옆
37.491916,127.083692,보안등,일원동,수서안심06,,드림캐슬 옆
37.492047,127.084029,112위치신고,일원동,수서안심06,일원지구대,쥬와카페 앞
37.492047,127.084029,보안등,일원동,수서안심06,,쥬와카페 앞
37.492047,127.084029,CCTV,일원동,수서안심06,강남도시관제센터,쥬와카페 앞
37.492057,127.084123,노면표기,일원동,수서안심06,,박선장네2호점 옆
37.49221,127.084425,112위치신고,일원동,수서안심06,일원지구대,더치앤드립 앞
37.49221,127.084425,보안등,일원동,수서안심06,,더치앤드립 앞
37.492179,127.084624,보안등,일원동,수서안심06,,리코미용실 앞
37.492269,127.084595,보안등,일원동,수서안심06,,아울렛 앞
37.492043,127.084521,CCTV,일원동,수서안심06,강남도시관제센터,리코미용실 옆
37.492043,127.084521,안심벨,일원동,수서안심06,강남도시관제센터,리코미용실 옆
37.492283,127.08466,112위치신고,일원동,수서안심06,일원지구대,우리농산물할인점 앞
37.492283,127.08466,보안등,일원동,수서안심06,,우리농산물할인점 앞
37.492356,127.084899,보안등,일원동,수서안심06,,세븐일레븐 일원미래점 앞
37.49247,127.085259,112위치신고,일원동,수서안심06,일원지구대,유이하우스 앞
37.49247,127.085259,보안등,일원동,수서안심06,,유이하우스 앞
37.492504,127.085502,보안등,일원동,수서안심06,,미칠비루디저트카페 옆
37.492504,127.085502,안심벨,일원동,수서안심06,강남도시관제센터,미칠비루디저트카페 옆
37.492504,127.085502,CCTV,일원동,수서안심06,강남도시관제센터,미칠비루디저트카페 옆
37.49255,127.085562,노면표기,일원동,수서안심06,,내집부동산 앞
37.492664,127.085754,보안등,일원동,수서안심06,,김치나라 옆
37.492785,127.086114,112위치신고,일원동,수서안심06,일원지구대,일원로5길77 앞
37.492785,127.086114,보안등,일원동,수서안심06,,일원로5길77 앞
37.492733,127.086293,보안등,일원동,수서안심06,,강남힐링재가복지센터 앞
37.49282,127.086585,보안등,일원동,수서안심06,,미스터파닭 옆
37.492959,127.086568,112위치신고,일원동,수서안심06,일원지구대,미스터파닭 앞
37.492959,127.086568,보안등,일원동,수서안심06,,미스터파닭 앞
37.49291,127.086701,안심벨,일원동,수서안심06,강남도시관제센터,민건빌라 옆
37.49291,127.086701,CCTV,일원동,수서안심06,강남도시관제센터,민건빌라 옆
37.48961,127.033186,보안등,도곡동,수서안심01,,미니스톱도곡공원점
37.489504,127.033378,보안등,도곡동,수서안심01,,미니스톱도곡공원점
37.489504,127.033378,CCTV,도곡동,수서안심01,강남도시관제센터,미니스톱도곡공원점
37.489504,127.033378,안심벨,도곡동,수서안심01,강남도시관제센터,미니스톱도곡공원점
37.489504,127.033378,112위치신고,도곡동,수서안심01,도곡지구대,미니스톱도곡공원점
37.489301,127.033595,보안등,도곡동,수서안심01,,미니스톱도곡공원점
37.489065,127.033821,노면표기,도곡동,수서안심01,,브라운돈까스
37.48901,127.033912,보안등,도곡동,수서안심01,,브라운돈까스
37.489026,127.033815,보안등,도곡동,수서안심01,,브라운돈까스
37.489026,127.033815,112위치신고,도곡동,수서안심01,도곡지구대,브라운돈까스
37.488841,127.034124,보안등,도곡동,수서안심01,,잔치날
37.488841,127.034124,112위치신고,도곡동,수서안심01,도곡지구대,잔치날
37.48867,127.034328,CCTV,도곡동,수서안심01,강남도시관제센터,하이페리온
37.48867,127.034328,안심벨,도곡동,수서안심01,강남도시관제센터,하이페리온
37.488542,127.03448,112위치신고,도곡동,수서안심01,도곡지구대,하이페리온
37.488542,127.03448,보안등,도곡동,수서안심01,,하이페리온
37.488536,127.034425,노면표기,도곡동,수서안심01,,하이페리온
37.488239,127.03479,보안등,도곡동,수서안심01,,은광여중고등학교
37.48808,127.034923,보안등,도곡동,수서안심01,,은광여중고등학교
37.487924,127.035001,보안등,도곡동,수서안심01,,은광여중고등학교
37.487812,127.035052,보안등,도곡동,수서안심01,,은광여중고등학교
37.489601,127.033202,보안등,도곡동,수서안심01,,은광여중고등학교
37.487462,127.035263,보안등,도곡동,수서안심01,,은광여중고등학교
